set identity_insert [Alignment] on
insert into [Alignment] ([Id], [AlignmentName]) 
values (1, 'Lawful Good'), (2, 'Neutral Good'), (3, 'Chaotic Good'), 
	   (4, 'Lawful Neutral'), (5, 'Neutral'), (6, 'Chaotic Neutral'), 
	   (7, 'Lawful Evil'), (8, 'Neutral Evil'), (9, 'Chaotic Evil');
set identity_insert [Alignment] off

set identity_insert [Class] on
insert into [Class] ([Id], [ClassNameId], [CharacterLevel], [BaB], [Fort], [Reflex],[Will], [HitDie], [SkillPoints])
values (1, 1, 1, 1, 2, 0, 0, 12, 4),
	(2, 1, 2, 2, 3, 0, 0, 12, 4),
	(3, 1, 4, 4, 4, 1, 1, 12, 4),
	(5, 1, 5, 5, 4, 1, 1, 12, 4),
	(6, 1, 6, 6, 5, 2, 2, 12, 4),
	(7, 1, 7, 7, 5, 2, 2, 12, 4),
	(8, 1, 8, 8, 6, 2, 2, 12, 4),
	(9, 1, 9, 9, 6, 3, 3, 12, 4),
	(10, 1, 10, 10, 7, 3, 3, 12, 4),
	(11, 1, 11, 11, 7, 3, 3, 12, 4),
	(12, 1, 12, 12, 8, 4, 4, 12, 4),
	(13, 1, 13, 13, 8, 4, 4, 12, 4),
	(14, 1, 14, 14, 9, 4, 4, 12, 4),
	(15, 1, 15, 15, 9, 5, 5, 12, 4),
	(16, 1, 16, 16, 10, 5, 5, 12, 4),
	(17, 1, 17, 17, 10, 5, 5, 12, 4),
	(18, 1, 18, 18, 11, 6, 6, 12, 4),
	(19, 1, 19, 19, 11, 6, 6, 12, 4),
	(20, 1, 20, 20, 12, 6, 6, 12, 4),
	(21, 2, 1, 0, 0, 2, 2, 8 ,6),
	(22, 2, 2, 1, 0, 3, 3, 8, 6),
	(23, 2, 3, 2, 1, 3, 3, 8, 6),
	(24, 2, 4, 3, 1, 4, 4, 8, 6),
	(25, 2, 5, 3, 1, 4, 4, 8, 6),
	(26, 2, 6, 4, 2, 5, 5, 8, 6),
	(27, 2, 7, 5, 2, 5, 5, 8, 6),
	(28, 2, 8, 6, 2, 6, 6, 8, 6),
	(29, 2, 9, 6, 3, 6, 6, 8, 6),
	(30, 2, 10, 7, 3, 7, 7, 8, 6),
	(31, 2, 11, 8, 3, 7, 7, 8, 6),
	(32, 2, 12, 9, 4, 8, 8, 8, 6),
	(33, 2, 13, 9, 4, 8, 8, 8, 6),
	(34, 2, 14, 10, 4, 9, 9, 8, 6),
	(35, 2, 15, 11, 5, 9, 9, 8, 6),
	(36, 2, 16, 12, 5, 10, 10, 8, 6),
	(37, 2, 17, 12, 5, 10, 10, 8, 6),
	(38, 2, 18, 13, 6, 11, 11, 8, 6),
	(39, 2, 19, 14, 6, 11, 11, 8, 6),
	(40, 2, 20, 15, 6, 12, 12, 8, 6),
	(41, 3, 1, 0, 2, 0, 2, 8, 2),
	(42, 3, 2, 1, 3, 0, 3, 8, 2),
	(43, 3, 3, 2, 3, 1, 3, 8, 2),
	(44, 3, 4, 3, 4, 1, 4, 8, 2),
	(45, 3, 5, 3, 4, 1, 4, 8, 2),
	(46, 3, 6, 4, 5, 2, 5, 8, 2),
	(47, 3, 7, 5, 5, 2, 5, 8, 2),
	(48, 3, 8, 6, 6, 2, 6, 8, 2),
	(49, 3, 9, 6, 6, 3, 6, 8, 2),
	(50, 3, 10, 7, 7, 3, 7, 8, 2),
	(51, 3, 11, 8, 7, 3, 7, 8, 2),
	(52, 3, 12, 9, 8, 4, 8, 8, 2),
	(53, 3, 13, 9, 8, 4, 8, 8, 2),
	(54, 3, 14, 10, 9, 4, 9, 8, 2),
	(55, 3, 15, 11, 9, 5, 9, 8, 2),
	(56, 3, 16, 12, 10, 5, 10, 8, 2),
	(57, 3, 17, 12, 10, 5, 10, 8, 2),
	(58, 3, 18, 13, 11, 6, 11, 8, 2),
	(59, 3, 19, 14, 11, 6, 11, 8, 2),
	(60, 3, 20, 15, 12, 6, 12, 8, 2),
	(61, 4, 1, 0, 2, 0, 2, 8, 4),
	(62, 4, 2, 1, 3, 0, 3, 8, 4),
	(63, 4, 3, 2, 3, 1, 3, 8, 4),
	(64, 4, 4, 3, 4, 1, 4, 8, 4),
	(65, 4, 5, 3, 4, 1, 4, 8, 4),
	(66, 4, 6, 4, 5, 2, 5, 8, 4),
	(67, 4, 7, 5, 5, 2, 5, 8, 4),
	(68, 4, 8, 6, 6, 2, 6, 8, 4),
	(69, 4, 9, 6, 6, 3, 6, 8, 4),
	(70, 4, 10, 7, 7, 3, 7, 8, 4),
	(71, 4, 11, 8, 7, 3, 7, 8, 4),
	(72, 4, 12, 9, 8, 4, 8, 8, 4),
	(73, 4, 13, 9, 8, 4, 8, 8, 4),
	(74, 4, 14, 10, 9, 4, 9, 8, 4),
	(75, 4, 15, 11, 9, 5, 9, 8, 4),
	(76, 4, 16, 12, 10, 5, 10, 8, 4),
	(77, 4, 17, 12, 10, 5, 10, 8, 4),
	(78, 4, 18, 13, 11, 6, 11, 8, 4),
	(79, 4, 19, 14, 11, 6, 11, 8, 4),
	(80, 4, 20, 15, 12, 6, 12, 8, 4),
	(81, 5, 1, 1, 2, 0, 0, 10, 2),
	(82, 5, 2, 2, 3, 0, 0, 10, 2),
	(83, 5, 3, 3, 3, 1, 1, 10, 2),
	(84, 5, 4, 4, 4, 1, 1, 10, 2),
	(85, 5, 5, 5, 4, 1, 1, 10, 2),
	(86, 5, 6, 6, 5, 2, 2, 10, 2),
	(87, 5, 7, 7, 5, 2, 2, 10, 2),
	(88, 5, 8, 8, 6, 2, 2, 10, 2),
	(89, 5, 9, 9, 6, 3, 3, 10, 2),
	(90, 5, 10, 10, 7, 3, 3, 10, 2),
	(91, 5, 11, 11, 7, 3, 3, 10, 2),
	(92, 5, 12, 12, 8, 4, 4, 10, 2),
	(93, 5, 13, 13, 8, 4, 4, 10, 2),
	(94, 5, 14, 14, 9, 4, 4, 10, 2),
	(95, 5, 15, 15, 9, 5, 5, 10, 2),
	(96, 5, 16, 16, 10, 5, 5, 10, 2),
	(97, 5, 17, 17, 10, 5, 5, 10, 2),
	(98, 5, 18, 18, 11, 6, 6, 10, 2),
	(99, 5, 19, 19, 11, 6, 6, 10, 2),
	(100, 5, 20, 20, 12, 6, 6, 10, 2),
	(101, 6, 1, 0, 2, 2, 2, 8, 4),
	(102, 6, 2, 1, 3, 3, 3, 8, 4),
	(103, 6, 3, 2, 3, 3, 3, 8, 4),
	(104, 6, 4, 3, 4, 4, 4, 8, 4),
	(105, 6, 5, 3, 4, 4, 4, 8, 4),
	(106, 6, 6, 4, 5, 5, 5, 8, 4),
	(107, 6, 7, 5, 5, 5, 5, 8, 4),
	(108, 6, 8, 6, 6, 6, 6, 8, 4),
	(109, 6, 9, 6, 6, 6, 6, 8, 4),
	(110, 6, 10, 7, 7, 7, 7, 8, 4),
	(111, 6, 11, 8, 7, 7, 7, 8, 4),
	(112, 6, 12, 9, 8, 8, 8, 8, 4),
	(113, 6, 13, 9, 8, 8, 8, 8, 4),
	(114, 6, 14, 10, 9, 9, 9, 8, 4),
	(115, 6, 15, 11, 9, 9, 9, 8, 4),
	(116, 6, 16, 12, 10, 10, 10, 8, 4),
	(117, 6, 17, 12, 10, 10, 10, 8, 4),
	(118, 6, 18, 13, 11, 11, 11, 8, 4),
	(119, 6, 19, 14, 11, 11, 11, 8, 4),
	(120, 6, 20, 15, 12, 12, 12, 8, 4),
	(121, 7, 1, 1, 2, 0, 2, 10, 2),
	(122, 7, 2, 2, 3, 0, 3, 10, 2),
	(123, 7, 3, 3, 3, 1, 3, 10, 2),
	(124, 7, 4, 4, 4, 1, 4, 10, 2),
	(125, 7, 5, 5, 4, 1, 4, 10, 2),
	(126, 7, 6, 6, 5, 2, 5, 10, 2),
	(127, 7, 7, 7, 5, 2, 5, 10, 2),
	(128, 7, 8, 8, 6, 2, 6, 10, 2),
	(129, 7, 9, 9, 6, 3, 6, 10, 2),
	(130, 7, 10, 10, 7, 3, 7, 10, 2),
	(131, 7, 11, 11, 7, 3, 7, 10, 2),
	(132, 7, 12, 12, 8, 4, 8, 10, 2),
	(133, 7, 13, 13, 8, 4, 8, 10, 2),
	(134, 7, 14, 14, 9, 4, 9, 10, 2),
	(135, 7, 15, 15, 9, 5, 9, 10, 2),
	(136, 7, 16, 16, 10, 5, 10, 10, 2),
	(137, 7, 17, 17, 10, 5, 10, 10, 2),
	(138, 7, 18, 18, 11, 6, 11, 10, 2),
	(139, 7, 19, 19, 11, 6, 11, 10, 2),
	(140, 7, 20, 20, 12, 6, 12, 10, 2),
	(141, 8, 1, 1, 2, 2, 0, 10, 6),
	(142, 8, 2, 2, 3, 3, 0, 10, 6),
	(143, 8, 3, 3, 3, 3, 1, 10, 6),
	(144, 8, 4, 4, 4, 4, 1, 10, 6),
	(145, 8, 5, 5, 4, 4, 1, 10, 6),
	(146, 8, 6, 6, 5, 5, 2, 10, 6),
	(147, 8, 7, 7, 5, 5, 2, 10, 6),
	(148, 8, 8, 8, 6, 6, 2, 10, 6),
	(149, 8, 9, 9, 6, 6, 3, 10, 6),
	(150, 8, 10, 10, 7, 7, 3, 10, 6),
	(151, 8, 11, 11, 7, 7, 3, 10, 6),
	(152, 8, 12, 12, 8, 8, 4, 10, 6),
	(153, 8, 13, 13, 8, 8, 4, 10, 6),
	(154, 8, 14, 14, 9, 9, 4, 10, 6),
	(155, 8, 15, 15, 9, 9, 5, 10, 6),
	(156, 8, 16, 16, 10, 10, 5, 10, 6),
	(157, 8, 17, 17, 10, 10, 5, 10, 6),
	(158, 8, 18, 18, 11, 11, 6, 10, 6),
	(159, 8, 19, 19, 11, 11, 6, 10, 6),
	(160, 8, 20, 20, 12, 12, 6, 10, 6),
	(161, 9, 1, 0, 0, 2, 0, 8, 8),
	(162, 9, 2, 1, 0, 3, 0, 8, 8),
	(163, 9, 3, 2, 1, 3, 1, 8, 8),
	(164, 9, 4, 3, 1, 4, 1, 8, 8),
	(165, 9, 5, 3, 1, 4, 1, 8, 8),
	(166, 9, 6, 4, 2, 5, 2, 8, 8),
	(167, 9, 7, 5, 2, 5, 2, 8, 8),
	(168, 9, 8, 6, 2, 6, 2, 8, 8),
	(169, 9, 9, 6, 3, 6, 3, 8, 8),
	(170, 9, 10, 7, 3, 7, 3, 8, 8),
	(171, 9, 11, 8, 3, 7, 3, 8, 8),
	(172, 9, 12, 9, 4, 8, 4, 8, 8),
	(173, 9, 13, 9, 4, 8, 4, 8, 8),
	(174, 9, 14, 10, 4, 9, 4, 8, 8),
	(175, 9, 15, 11, 5, 9, 5, 8, 8),
	(176, 9, 16, 12, 5, 10, 5, 8, 8),
	(177, 9, 17, 12, 5, 10, 5, 8, 8),
	(178, 9, 18, 13, 6, 11, 6, 8, 8),
	(179, 9, 19, 14, 6, 11, 6, 8, 8),
	(180, 9, 20, 15, 6, 12, 6, 8, 8),
	(181, 10, 1, 0, 0, 0, 2, 6, 2),
	(182, 10, 2, 1, 0, 0, 3, 6, 2),
	(183, 10, 3, 1, 1, 1, 3, 6, 2),
	(184, 10, 4, 2, 1, 1, 4, 6, 2),
	(185, 10, 5, 2, 1, 1, 4, 6, 2),
	(186, 10, 6, 3, 2, 2, 5, 6, 2),
	(187, 10, 7, 3, 2, 2, 5, 6, 2),
	(188, 10, 8, 4, 2, 2, 6, 6, 2),
	(189, 10, 9, 4, 3, 3, 6, 6, 2),
	(190, 10, 10, 5, 3, 3, 7, 6, 2),
	(191, 10, 11, 5, 3, 3, 7, 6, 2),
	(192, 10, 12, 6, 4, 4, 8, 6, 2),
	(193, 10, 13, 6, 4, 4, 8, 6, 2),
	(194, 10, 14, 7, 4, 4, 9, 6, 2),
	(195, 10, 15, 7, 5, 5, 9, 6, 2),
	(196, 10, 16, 8, 5, 5, 10, 6, 2),
	(197, 10, 17, 8, 5, 5, 10, 6, 2),
	(198, 10, 18, 9, 6, 6, 11, 6, 2),
	(199, 10, 19, 9, 6, 6, 11, 6, 2),
	(200, 10, 20, 10, 6, 6, 12, 6, 2),
	(201, 11, 1, 0, 0, 0, 2, 6, 2),
	(202, 11, 2, 1, 0, 0, 3, 6, 2),
	(203, 11, 3, 1, 1, 1, 3, 6, 2),
	(204, 11, 4, 2, 1, 1, 4, 6, 2),
	(205, 11, 5, 2, 1, 1, 4, 6, 2),
	(206, 11, 6, 3, 2, 2, 5, 6, 2),
	(207, 11, 7, 3, 2, 2, 5, 6, 2),
	(208, 11, 8, 4, 2, 2, 6, 6, 2),
	(209, 11, 9, 4, 3, 3, 6, 6, 2),
	(210, 11, 10, 5, 3, 3, 7, 6, 2),
	(211, 11, 11, 5, 3, 3, 7, 6, 2),
	(212, 11, 12, 6, 4, 4, 8, 6, 2),
	(213, 11, 13, 6, 4, 4, 8, 6, 2),
	(214, 11, 14, 7, 4, 4, 9, 6, 2),
	(215, 11, 15, 7, 5, 5, 9, 6, 2),
	(216, 11, 16, 8, 5, 5, 10, 6, 2),
	(217, 11, 17, 8, 5, 5, 10, 6, 2),
	(218, 11, 18, 9, 6, 6, 11, 6, 2),
	(219, 11, 19, 9, 6, 6, 11, 6, 2),
	(220, 11, 20, 10, 6, 6, 12, 6, 2);
set identity_insert [Class] off

set identity_insert [ClassName] on
insert into [ClassName] ([Id], [ClassName])
values (1, 'Barbarian'),
	   (2, 'Bard'),
	   (3, 'Cleric'),
	   (4, 'Druid'),
	   (5, 'Fighter'),
	   (6, 'Monk'),
	   (7, 'Paladin'),
	   (8, 'Ranger'),
	   (9, 'Rogue'),
	   (10, 'Sorcerer'),
	   (11, 'Wizard');
set identity_insert [ClassName] off

set identity_insert [Race] on
insert into [Race] ([Id], [RaceName], [MovementSpeed], [Vision], [BonusAttributes], [Size])
values (1, 'Half-elf', 30, 'Low-Light', '+2 of your choice', 'Medium'),
	(2, 'Dwarf', 20, 'Darkvision', '+2 Con, +2 Wis, -2 Cha', 'Medium'),
	(3, 'Elf', 30, 'Low-Light', '+2 Dex, +2 Int, -2 Con', 'Medium'),
	(4, 'Gnome', 20, 'Low-Light', '+2 Con, +2 Cha, -2 Str', 'Small'),
	(5, 'Half-Orc', 30, 'Darkvision', '+2 of your choice', 'Medium'),
	(6, 'Halfling', 20, 'Normal', '+2 Dex, +2 Cha, -2 Str', 'Small'),
	(7, 'Human', 30, 'Normal', '+2 of your choice', 'Medium');
set identity_insert [Race] off

set identity_insert [UserProfile] on
insert into [UserProfile] ([Id], [FirebaseUserId], [DisplayName], [FirstName], [LastName], [Email], [CreateDateTime], [ImageLocation])
values (1, 'xwFwSGuS9HNnd8GhcBypmiOKQVt2', 'Goody', 'Matt', 'Goodman', 'mg@email.com', '2/4/2021 12:29:24 PM' , NULL);
set identity_insert [UserProfile] off